{
    "loss": 1.3334304094314575,
    "accuracy": 0.5740097171592333
}